{"cameraMode":{"drawMode":0,"name":"Shaded","section":"Shading Mode"},"sceneLighting":false,"audioPlay":false,"sceneViewState":{"m_AlwaysRefresh":false,"showFog":true,"showSkybox":false,"showFlares":true,"showImageEffects":true,"showParticleSystems":true,"showVisualEffectGraphs":true,"m_FxEnabled":true},"in2DMode":false,"pivot":{"x":2.8118069171905519,"y":0.5950577855110169,"z":-1.0794215202331544},"rotation":{"x":-0.13571666181087495,"y":0.39464497566223147,"z":-0.059800442308187488,"w":-0.9071178436279297},"size":2.7370028495788576,"orthographic":false}